-- 拼团系统压测种子数据
-- 用法: docker exec -i group-buy-mysql mysql -u dev -pdev123 group_buy_market < seed.sql
-- 幂等: 全用 INSERT IGNORE, 重复执行不报错

-- 折扣规则 (8条)
INSERT IGNORE INTO `discounts` (`discount_id`, `name`, `description`, `plan_type`, `expression`) VALUES
('D_ZJ',      '直减20元',   '直减',   'ZJ', '20.00'),
('D_MJ',      '满100减20',  '满减',   'MJ', '100.00-20.00'),
('D_ZK',      '8折优惠',    '折扣',   'ZK', '0.80'),
('D_N',       '9.9元购',    'N元购',  'N',  '9.90'),
('D_TAG',     'VIP标签减5元','标签折扣','ZJ', '5.00'),
('D_SETTLE',  '结算测试-直减20','直减20','ZJ','20'),
('D_REFUND',  '退单测试-直减20','直减20','ZJ','20.00'),
('D_TIMEOUT', '超时退单测试-直减20','直减20','ZJ','20.00');

-- 活动 (17条) — 按测试场景分组
INSERT IGNORE INTO `activities` (`activity_id`, `name`, `discount_id`, `group_type`, `target_count`, `take_limit`, `valid_minutes`, `status`, `start_time`, `end_time`, `tag_id`, `tag_scope`) VALUES
-- 试算场景 (200001-200008)
(200001, '直减活动',         'D_ZJ', 0, 3, 5, 30, 1, '2025-01-01', '2029-12-31', NULL,     NULL),
(200002, '满减活动',         'D_MJ', 0, 3, 5, 30, 1, '2025-01-01', '2029-12-31', NULL,     NULL),
(200003, '折扣活动',         'D_ZK', 0, 3, 5, 30, 1, '2025-01-01', '2029-12-31', NULL,     NULL),
(200004, 'N元购活动',        'D_N',  0, 3, 5, 30, 1, '2025-01-01', '2029-12-31', NULL,     NULL),
(200005, '已过期活动',       'D_ZJ', 0, 3, 5, 30, 3, '2025-01-01', '2029-12-31', NULL,     NULL),
(200006, '未开始活动',       'D_ZJ', 0, 3, 5, 30, 1, '2029-01-01', '2029-12-31', NULL,     NULL),
(200007, '人群标签活动',     'D_ZJ', 0, 3, 5, 30, 1, '2025-01-01', '2029-12-31', 'TAG_VIP','10'),
(200008, '标签折扣活动',     'D_TAG',0, 3, 5, 30, 1, '2025-01-01', '2029-12-31', NULL,     NULL),
-- 锁单场景 (300001-300003)
(300001, '锁单-标准活动',    'D_ZJ', 0, 3, 5, 30, 1, '2025-01-01', '2029-12-31', NULL,     NULL),
(300002, '锁单-限1次活动',   'D_ZJ', 0, 3, 1, 30, 1, '2025-01-01', '2029-12-31', NULL,     NULL),
(300003, '锁单-2人团活动',   'D_ZJ', 0, 2, 5, 30, 1, '2025-01-01', '2029-12-31', NULL,     NULL),
-- 结算场景 (500001-500003)
(500001, '结算-标准活动',    'D_SETTLE',0,3, 5, 30, 1, '2025-01-01', '2029-12-31', NULL,     NULL),
(500002, '结算-限1次活动',   'D_SETTLE',0,3, 1, 30, 1, '2025-01-01', '2029-12-31', NULL,     NULL),
(500003, '结算-限购1活动',   'D_SETTLE',0,3, 5, 1,  1, '2025-01-01', '2029-12-31', NULL,     NULL),
-- 退单场景 (600001-600002)
(600001, '退单-3人团',       'D_REFUND',0,3, 5, 30, 1, '2025-01-01', '2029-12-31', NULL,     NULL),
(600002, '退单-1人团',       'D_REFUND',0,1, 5, 30, 1, '2025-01-01', '2029-12-31', NULL,     NULL),
-- 超时场景 (700001)
(700001, '超时-3人团',       'D_TIMEOUT',0,3,5,30,1, '2025-01-01', '2029-12-31', NULL,     NULL);

-- 商品 (19条)
INSERT IGNORE INTO `products` (`goods_id`, `goods_name`, `original_price`) VALUES
('G_ZJ',      '直减商品',       100.00),
('G_MJ',      '满减商品',       150.00),
('G_MJ2',     '满减商品2',      80.00),
('G_ZK',      '折扣商品',       100.00),
('G_N',       'N元购商品',      100.00),
('G_EXP',     '已过期商品',     100.00),
('G_FUT',     '未开始商品',     100.00),
('G_TAG',     '人群标签商品',   100.00),
('G_TAG2',    '标签折扣商品',   100.00),
('G_NF',      '未找到商品',     100.00),
('G_LOCK1',   '锁单测试商品1',  100.00),
('G_LOCK2',   '锁单测试商品2',  100.00),
('G_LOCK3',   '锁单测试商品3',  100.00),
('G_SETTLE1', '结算测试商品1',  100.00),
('G_SETTLE2', '结算测试商品2',  100.00),
('G_SETTLE3', '结算测试商品3',  100.00),
('G_REFUND1', '退单测试商品1',  100.00),
('G_REFUND2', '退单测试商品2',  100.00),
('G_TIMEOUT', '超时测试商品',   100.00);

-- 商品-活动映射 (18条)
INSERT IGNORE INTO `activity_products` (`source`, `channel`, `goods_id`, `activity_id`) VALUES
('APP', 'WECHAT', 'G_ZJ',      200001),
('APP', 'WECHAT', 'G_MJ',      200002),
('APP', 'WECHAT', 'G_MJ2',     200002),
('APP', 'WECHAT', 'G_ZK',      200003),
('APP', 'WECHAT', 'G_N',       200004),
('APP', 'WECHAT', 'G_EXP',     200005),
('APP', 'WECHAT', 'G_FUT',     200006),
('APP', 'WECHAT', 'G_TAG',     200007),
('APP', 'WECHAT', 'G_TAG2',    200008),
('APP', 'WECHAT', 'G_LOCK1',   300001),
('APP', 'WECHAT', 'G_LOCK2',   300002),
('APP', 'WECHAT', 'G_LOCK3',   300003),
('APP', 'WECHAT', 'G_SETTLE1', 500001),
('APP', 'WECHAT', 'G_SETTLE2', 500002),
('APP', 'WECHAT', 'G_SETTLE3', 500003),
('APP', 'WECHAT', 'G_REFUND1', 600001),
('APP', 'WECHAT', 'G_REFUND2', 600002),
('APP', 'WECHAT', 'G_TIMEOUT', 700001);
